{"train/data_time": 0.0017409324645996094, "train/batch_time": 8.278436422348022, "train/samples_per_second": 7.730928491185731, "train/samples_per_second_per_gpu": 0.9663660613982163, "train/scale": 15.13561725616455, "train/lr": 0.00014026933961927413, "train/contrastive_loss": 21.851985931396484, "train/loss": 21.851985931396484, "step": 7472, "_timestamp": 1764950238.6818097, "_runtime": 62539.73715877533, "_step": 7472, "val/TCSimval/TCSim_Rank_All_Entry": 122.84374189617172, "val/TCSimval/TCSim_Rank_Worst_Entry": 236.375, "val/TCSimval/TCSimRankT2i@1": 0.15435139573070608, "val/TCSimval/TCSimRankT2I@10": 0.5047619047619047, "val/TCSimval/TCSimRankT2I@100": 0.8889983579638752, "val/TCSimval/TCSimRankI2T@1": 0.20766129032258066, "val/TCSimval/TCSimRankI2T@10": 0.5292338709677419, "val/TCSimval/TCSimRankI2T@100": 0.8548387096774194, "val/TCSimval/TCSimRankI2T_COMPLETE@10": 0.09475806451612903, "val/TCSimval/TCSimRankI2T_COMPLETE@100": 0.4737903225806452, "val/TCSimval/TCSimRankI2T_COMPLETE@1000": 0.9536290322580645, "epoch": 8}