{"train/data_time": 0.0016913414001464844, "train/batch_time": 8.30144739151001, "train/samples_per_second": 7.709498956224619, "train/samples_per_second_per_gpu": 0.9636873695280773, "train/scale": 14.332005500793457, "train/lr": 0.00017487403349736118, "train/contrastive_loss": 24.974328994750977, "train/loss": 24.974328994750977, "step": 2318, "_timestamp": 1764971512.8094442, "_runtime": 19329.178253173828, "_step": 2318, "val/TCSimval/TCSim_Rank_All_Entry": 244.33918056156367, "val/TCSimval/TCSim_Rank_Worst_Entry": 427.17237903225805, "val/TCSimval/TCSimRankT2i@1": 0.06436781609195402, "val/TCSimval/TCSimRankT2I@10": 0.30311986863711, "val/TCSimval/TCSimRankT2I@100": 0.7733990147783252, "val/TCSimval/TCSimRankI2T@1": 0.06955645161290322, "val/TCSimval/TCSimRankI2T@10": 0.3326612903225806, "val/TCSimval/TCSimRankI2T@100": 0.7237903225806451, "val/TCSimval/TCSimRankI2T_COMPLETE@10": 0.04435483870967742, "val/TCSimval/TCSimRankI2T_COMPLETE@100": 0.26411290322580644, "val/TCSimval/TCSimRankI2T_COMPLETE@1000": 0.8800403225806451, "epoch": 2}