{"train/data_time": 13.339284658432007, "train/batch_time": 17.853323221206665, "train/samples_per_second": 7.169533560449861, "train/samples_per_second_per_gpu": 0.8961916950562326, "train/scale": 14.28345012664795, "train/lr": 9.998939074940787e-05, "train/contrastive_loss": 57.73172378540039, "train/loss": 57.73172378540039, "step": 124, "_timestamp": 1765236430.3577757, "_runtime": 2692.6738827228546, "_step": 124, "val/zero shot mean auc0": 0.6022410132210138, "val/zero shot * mean acc (balanced)0": 0.5793846660085555, "val/zero shot * mean f1 (weighted)0": 0.6307054153403722, "val/zero shot * mean recall0": 0.5883379563270739, "val/zero shot * mean precision0": 0.24443872978319833, "val/zero shot mean auc1": 0.6039115628491968, "val/zero shot * mean acc (balanced)1": 0.5672096084238235, "val/zero shot * mean f1 (weighted)1": 0.6198811166889521, "val/zero shot * mean recall1": 0.6073713593940037, "val/zero shot * mean precision1": 0.24374431007757696, "val/zero shot mean auc2": 0.606556908445189, "val/zero shot * mean acc (balanced)2": 0.5719809147745969, "val/zero shot * mean f1 (weighted)2": 0.6244205765339936, "val/zero shot * mean recall2": 0.602919864881584, "val/zero shot * mean precision2": 0.24531677501099639, "val/zero shot mean auc3": 0.6123642926941673, "val/zero shot * mean acc (balanced)3": 0.5820582428430405, "val/zero shot * mean f1 (weighted)3": 0.6331055602733712, "val/zero shot * mean recall3": 0.6017031052990085, "val/zero shot * mean precision3": 0.24859071371490854, "val/zero shot mean auc4": 0.6056735688264633, "val/zero shot * mean acc (balanced)4": 0.5749629812438302, "val/zero shot * mean f1 (weighted)4": 0.626903296990967, "val/zero shot * mean recall4": 0.5980979202985325, "val/zero shot * mean precision4": 0.24486252180434548, "epoch": 2, "_wandb": {"runtime": 2756}}